name,symbol
adidas AG,ADS
Allianz SE,ALV
BASF SE,BAS
Bayer AG,BAYN
Beiersdorf AG,BEI
Bayerische Motoren Werke AG,BMW
Continental AG,CON
Covestro AG,1COV
Deutsche Bank AG,DBK
Deutsche Börse AG,DB1
Deutsche Lufthansa AG,LHA
Deutsche Post AG,DPW
Deutsche Telekom AG,DTE
E.ON SE,EOAN
Fresenius Medical Care AG & Co. KGaA St,FME
Fresenius SE & Co. KGaA,FRE
HeidelbergCement AG,HEI
Henkel AG & Co. KGaA Vz,HEN3
Infineon Technologies AG,IFX
Linde PLC,LIN
MERCK Kommanditgesellschaft auf Aktien,MRK
Münchener Rückversicherungs-Gesellschaft AG,MUV2
RWE AG,RWE
SAP SE,SAP
Siemens AG,SIE
thyssenkrupp AG,TKA
Volkswagen AG,VOW3
Vonovia SE,VNA
Airbus SE,AIR
Aroundtown SA,AT1
Aurubis AG,NDA
Bechtle AG,BC8
Brenntag AG,BNR
Commerzbank AG,CBK
CTS Eventim AG & Co. KGaA,EVD
Delivery Hero SE,DHER
Deutsche Pfandbriefbank AG,PBB
Deutsche Wohnen SE,DWNI
1&1 Drillisch AG,DRI
Dürr AG,DUE
Evonik Industries AG,EVK
Evotec SE,EVT
Fielmann AG,FIE
Fraport AG,FRA
freenet AG,FNTN
Fuchs Petrolub SE,FPE3
GEA Group AG,G1A
Gerresheimer AG,GXI
Grand City Properties SA,GYC
Hannover Rück SE,HNR1
HELLA GmbH & Co. KGaA,HLE
HOCHTIEF AG,HOT
Hugo Boss AG,BOSS
K+S AG,SDF
KION GROUP AG,KGX
LANXESS AG,LXS
LEG Immobilien AG,LEG
Metro AG,B4B
MorphoSys AG,MOR
MTU Aero Engines AG,MTX
Nemetschek SE,NEM
NORMA Group SE,NOEJ
ProSiebenSat.1 Media SE,PSM
PUMA SE,PUM
QIAGEN N.V.,QIA
Rheinmetall AG,RHM
RTL Group SA,RRTL
Salzgitter AG,SZG
Sartorius AG,SRT3
Schaeffler AG,SHA
Scout24 AG,G24
Siemens Healthineers AG,SHL
Siltronic AG,WAF
Software AG,SOW
Symrise AG,SY1
TAG Immobilien AG,TEG
Telefónica Deutschland Holding AG,O2D
Uniper SE,UN01
United Internet AG,UTDI
Wacker Chemie AG,WCH
Zalando SE,ZAL
AIXTRON SE,AIXA
BayWa AG vNa,BYW6
Bilfinger SE,GBF
Cancom SE,COK
Carl Zeiss Meditec AG,AFX
CEWE Stiftung & Co. KGaA,CWC
CompuGroup Medical SE,COP
DEUTZ AG,DEZ
DIC ASSET AG,DIC
Drägerwerk AG & Co. KGaA Vz,DRW3
DWS Group GmbH & Co. KGaA,DWS
ENCAVIS AG ,CAP
Grenke AG,GLJ
Hamborner REIT AG,HAB
Heidelberger Druckmaschinen AG,HDD
HelloFresh SE,HFG
HORNBACH HOLDING AG&CO.KGAA,HBH
INDUS HOLDING AG,INH
JENOPTIK AG,JEN
JOST Werke AG,JST
JUNGHEINRICH AG,3-Jun
KLOECKNER & CO SE,KCO
Krones AG,KRN
KWS SAAT SE,KWS
Nordex SE,NDX1
Patrizia AG,PAT
PFEIFFER VACUUM TECHNOLOGY AG,PFV
RATIONAL AG,RAA
SAF Holland SA,SFQ
SGL CARBON SE,SGL
Sixt SE,SIX2
SMA Solar Technology AG,S92
Stabilus SA,STM
Südzucker AG,SZU
Talanx,TLX
Wacker Neuson SE,WAC
XING AG,O1BC
zooplus AG,ZO1
3i Group PLC,III
Admiral Group PLC,ADM
Anglo American PLC,AAL
Antofagasta PLC,ANTO
Ashtead Group PLC,AHT
Associated British Foods PLC,ABF
AstraZeneca PLC,AZN
Auto Trader Group PLC,AUTO
Aviva PLC,AV.
BAE Systems PLC,BA.
Barclays PLC,BARC
Barratt Developments PLC,BDEV
Berkeley Group Holdings/The,BKG
BP PLC,BP.
British American Tobacco p.l.c.,BATS
British Land Company PLC,BLND
BT Group PLC,BT.A
Bunzl PLC,BNZL
Burberry Group PLC,BRBY
Carnival Corporation,CCL
Centrica PLC,CNA
Coca-Cola HBC AG,CCH
Compass Group PLC,CPG
CRH PLC,CRH
Croda International PLC,CRDA
DCC PLC,DCC
Diageo PLC,DGE
DS Smith PLC,SMDS
Experian PLC,EXPN
Fresnillo PLC,FRES
GlaxoSmithKline PLC,GSK
Glencore PLC,GLEN
Halma PLC,HLMA
Hargreaves Lansdown PLC,HL.
HSBC Holdings PLC,HSBA
Imperial Brands PLC,IMB
Informa PLC,INF
InterContinental Hotels Group PLC,IHG
International Consolidated Airlines Group SA,IAG
Intertek Group PLC,ITRK
Kingfisher PLC,KGF
Legal & General Group PLC,LGEN
Lloyds Banking Group PLC,LLOY
London Stock Exchange Group PLC,LSE
Melrose Industries PLC,MRO
Mondi PLC,MNDI
National Grid PLC,NG.
NEXT PLC,NXT
Ocado Group PLC,OCDO
Flutter Entertainment PLC,PPB
Pearson PLC,PSON
Persimmon PLC,PSN
Phoenix Group Holdings PLC,PHNX
Prudential PLC,PRU
Reckitt Benckiser Group PLC,RB.
RELX PLC,REL
Rentokil Initial PLC,RTO
Rightmove PLC,RMV
Rolls-Royce Holdings PLC,RR.
The Royal Bank of Scotland Group PLC,RBS
The Sage Group PLC,SGE
J Sainsbury PLC,SBRY
Schroders PLC,SDR
Scottish Mortgage Investment Trust PLC,SMT
SEGRO PLC,SGRO
Severn Trent PLC,SVT
Smith & Nephew PLC,SN.
Smiths Group PLC,SMIN
Smurfit Kappa Group PLC,SKG
Spirax-Sarco Engineering PLC,SPX
STERIS PLC,SSE
St. James's Place PLC,STJ
Standard Chartered PLC,STAN
Taylor Wimpey PLC,TW.
Tesco PLC,TSCO
Unilever PLC,ULVR
United Utilities Group PLC,UU.
Vodafone Group PLC,VOD
Whitbread PLC,WTB
WPP PLC,WPP
Elisa Oyj,ELI1V
Fortum Oyj,FUM1V
Kesko Oyj,KESBV
KONE Oyj,KNEBV
Neste Oyj,NESTE
Nokia Corporation,NOKIA
Nokian Renkaat Oyj,NRE1V
Orion Oyj,ORNBV
Outokumpu Oyj,OUT1V
Sampo Oyj,SAMPO
Stora Enso Oyj R,STERV
UPM-Kymmene Oyj,UPM1V
Cargotec Corporation,CGCBV
Huhtamäki Oyj,HUH1V
Konecranes PLC,KCR
Metsä Board Oyj,METSB
Nordea Bank Abp,NDA-FI
Telia Company,TELIA
Valmet Oyj,VALMT
Air Liquide SA,AI
ArcelorMittal,MT
Atos SE,ATO
AXA SA,CS
BNP Paribas SA,BNP
Bouygues SA,EN
Capgemini SE,CAP
Carrefour SA,CA
Crédit Agricole SA,ACA
Danone SA,BN
Dassault Systèmes SE,DSY
Engie SA,ENGI
EssilorLuxottica SA,EL
Hermès International SCA,RMS
Kering SA,KER
L'Oréal SA,OR
Legrand SA,LR
Compagnie Générale des établissements Michelin,ML
Orange Belgium SA,ORA
Pernod Ricard SA,RI
Publicis Groupe SA,PUB
Renault SA,RNO
Safran SA,SAF
Compagnie de Saint-Gobain SA,SGO
Sanofi,SAN
Schneider Electric S.E.,SU
STMicroelectronics N.V.,STM
TOTAL SA,FP
Unibail-Rodamco-Westfield,URW
Veolia Environnement SA,VIE
VINCI SA,DG
Vivendi SA,VIV
Worldline SA,WLN
3M Company,MMM
American Express Company,AXP
Apple Inc.,AAPL
The Boeing Company,BA
Caterpillar Inc.,CAT
Chevron Corporation,CVX
Cisco Systems Inc.,CSCO
The Coca-Cola Company,KO
DowDuPont Inc.,DOW
Exxon Mobil Corporation,XOM
The Goldman Sachs Group Inc.,GS
The Home Depot Inc.,HD
International Business Machines Corporation,IBM
Intel Corporation,INTC
Johnson & Johnson,JNJ
JPMorgan Chase & Co.,JPM
McDonald's Corporation,MCD
"Nike, Inc.",NKE
Merck & Co. Inc.,MRK
Microsoft Corporation,MSFT
Pfizer Inc.,PFE
The Procter & Gamble Company,PG
The Travelers Companies Inc.,TRV
UnitedHealth Group Inc.,UNH
Verizon Communications Inc.,VZ
Visa Inc.,V
Walmart Inc.,WMT
Walgreens Boots Alliance Inc.,WBA
The Walt Disney Company,DIS
Activision Blizzard Inc.,ATVI
Adobe Inc.,ADBE
Akamai Technologies Inc.,AKAM
Alphabet Inc.,GOOGL
Google,GOOG
Amazon.com Inc.,AMZN
American Airlines Group Inc.,AAL
Amgen Inc.,AMGN
Analog Devices Inc.,ADI
Applied Materials Inc.,AMAT
Autodesk Inc.,ADSK
Automatic Data Processing Inc.,ADP
Baidu Inc.,BIDU
Biogen Inc.,BIIB
Charter Communications Inc.,CHTR
Cognizant Technology Solutions Corporation,CTSH
Comcast Corporation,CMCSA
Costco Wholesale Corporation,COST
CSX Corporation,CSX
Dentyply Sirona Inc.,XRAY
DISH Network Corporation,DISH
Dollar Tree Inc.,DLTR
eBay Inc.,EBAY
Electronic Arts Inc.,EA
Expedia Group Inc.,EXPE
Fastenal Company,FAST
Fiserv Inc.,FISV
Gilead Sciences Inc.,GILD
Henry Schein Inc.,HSIC
Illumina Inc.,ILMN
Incyte Corporation,INCY
Intuit Inc.,INTU
Intuitive Surgical Inc.,ISRG
JD.com Inc.,JD
The Kraft Heinz Company,KHC
Lam Research Corporation,LRCX
Marriott International Inc.,MAR
Microchip Technology Inc.,MCHP
Micron Technology Inc.,MU
Mondelez International Inc.,MDLZ
Monster Beverage Corporation,MNST
NetApp Inc.,NTAP
NetEase Inc.,NTES
Netflix Inc.,NFLX
NVIDIA Corporation,NVDA
NXP Semiconductors N.V.,NXPI
O'Reilly Automotive Inc.,ORLY
PACCAR Inc,PCAR
Paychex Inc.,PAYX
PayPal Holdings Inc.,PYPL
Qualcomm Inc.,QCOM
Regeneron Pharmaceuticals Inc.,REGN
Ross Stores Inc.,ROST
Seagate Technology PLC,STX
Sirius XM Holdings Inc.,SIRI
Skyworks Solutions Inc.,SWKS
Starbucks Corporation,SBUX
T-Mobile US Inc.,TMUS
Tesla Inc.,TSLA
Texas Instruments Inc.,TXN
Tractor Supply Company,TSCO
Ulta Beauty Inc.,ULTA
Verisk Analytics Inc.,VRSK
Vertex Pharmaceuticals Inc.,VRTX
Western Digital Corporation,WDC
Abbott Laboratories,ABT
AbbVie Inc.,ABBV
Accenture PLC,ACN
The Allstate Corporation,ALL
Altria Group Inc.,MO
American International Group Inc.,AIG
AT&T Inc,T
Bank of America Corporation,BAC
The Bank of New York Mellon Corporation,BK
Berkshire Hathaway Inc.,BRK-B
BlackRock Inc.,BLK
Booking Holdings Inc.,BKNG
Bristol-Myers Squibb Company,BMY
Capital One Financial Corporation,COF
Citigroup Inc.,C
Colgate-Palmolive Company,CL
ConocoPhillips,COP
CVS Health Corporation,CVS
Danaher Corporation,DHR
Duke Energy Corporation,DUK
Eli Lilly and Company,LLY
Emerson Electric Co.,EMR
Exelon Corporation,EXC
FedEx Corporation,FDX
Ford Motor Company,F
General Electric Company,GE
General Motors Company,GM
Honeywell International Inc.,HON
Kinder Morgan Inc.,KMI
Lowe's Companies Inc.,LOW
Mastercard Inc.,MA
Medtronic PLC,MDT
MetLife Inc.,MET
Morgan Stanley,MS
NextEra Energy Inc.,NEE
Occidental Petroleum Corporation,OXY
Oracle Corporation,ORCL
Philip Morris International Inc.,PM
Raytheon Company,RTN
Schlumberger Limited,SLB
Simon Property Group Inc.,SPG
Southern Company,SO
Target Corporation,TGT
Union Pacific Corporation,UNP
United Parcel Service Inc.,UPS
U.S. Bancorp,USB
Wells Fargo & Company,WFC
Abiomed Inc.,ABMD
Advance Auto Parts Inc.,AAP
Advanced Micro Devices Inc.,AMD
The AES Corporation,AES
Aflac Inc.,AFL
Agilent Technologies Inc.,A
Air Products and Chemicals Inc.,APD
Alaska Air Group Inc.,ALK
Albemarle Corporation,ALB
Alexandria Real Estate Equities Inc.,ARE
Align Technology Inc.,ALGN
Allegion PLC,ALLE
Ameren Corporation,AEE
American Electric Power Company Inc.,AEP
American Tower Corporation,AMT
American Water Works Company Inc.,AWK
Ameriprise Financial Inc.,AMP
AmerisourceBergen Corporation,ABC
AMETEK Inc.,AME
Amphenol Corporation,APH
ANSYS Inc.,ANSS
A. O. Smith Corporation,AOS
Aon PLC,AON
Apache Corporation,APA
Aptiv PLC,APTV
Archer-Daniels-Midland Company,ADM
Arista Networks Inc.,ANET
Arthur J. Gallagher & Co.,AJG
Assurant Inc.,AIZ
Atmos Energy Corporation,ATO
AutoZone Inc.,AZO
AvalonBay Communities Inc.,AVB
Avery Dennison Corporation,AVY
Baker Hughes Company,BKR
Ball Corporation,BLL
Baxter International Inc.,BAX
"Becton, Dickinson and Company",BDX
Best Buy Co. Inc.,BBY
BorgWarner Inc.,BWA
Boston Properties Inc.,BXP
Boston Scientific Corporation,BSX
Broadcom Inc.,AVGO
Broadridge Financial Solutions Inc.,BR
Brown-Forman Corporation,BF-B
C.H. Robinson Worldwide Inc.,CHRW
Cadence Design Systems Inc.,CDNS
Campbell Soup Company,CPB
Cardinal Health Inc.,CAH
CarMax Inc.,KMX
CBRE Group Inc.,CBRE
Celanese Corporation,CE
Centene Corporation,CNC
CenterPoint Energy Inc.,CNP
CF Industries Holdings Inc.,CF
Chipotle Mexican Grill Inc.,CMG
Chubb Limited,CB
Church & Dwight Co. Inc.,CHD
Cigna Corporation,CI
Cincinnati Financial Corporation,CINF
Cintas Corporation,CTAS
Citizens Financial Group Inc.,CFG
The Clorox Company,CLX
CME Group Inc.,CME
CMS Energy Corporation,CMS
Comerica Inc.,CMA
Conagra Brands Inc.,CAG
Consolidated Edison Inc.,ED
Constellation Brands Inc.,STZ
The Cooper Companies Inc.,COO
Copart Inc.,CPRT
Corning Inc.,GLW
Crown Castle International Corp,CCI
Cummins Inc.,CMI
Darden Restaurants Inc.,DRI
DaVita Inc.,DVA
Deere & Company,DE
Delta Air Lines Inc.,DAL
Devon Energy Corporation,DVN
Diamondback Energy Inc.,FANG
Digital Realty Trust Inc.,DLR
Discover Financials,DFS
Dollar General Corporation,DG
Dominion Energy Inc.,D
Dover Corporation,DOV
D.R. Horton Inc.,DHI
DTE Energy Company,DTE
DXC Technology Company,DXC
Eastman Chemical Company,EMN
Eaton Corporation PLC,ETN
Ecolab Inc.,ECL
Edison International,EIX
Edwards Lifesciences Corporation,EW
Entergy Corporation,ETR
EOG Resources Inc.,EOG
Equifax Inc.,EFX
Equinix Inc. (REIT),EQIX
Equity Residential,EQR
Essex Property Trust Inc.,ESS
"Everest Re Group, Ltd.",RE
Evergy Inc.,EVRG
Eversource Energy,ES
Expeditors International of Washington Inc.,EXPD
Extra Space Storage Inc.,EXR
F5 Networks Inc.,FFIV
Federal Realty Investment Trust,FRT
Fidelity National Information Services Inc.,FIS
Fifth Third Bancorp,FITB
First Republic Bank,FRC
FirstEnergy Corp.,FE
FleetCor Technologies Inc.,FLT
FMC Corporation,FMC
Fortinet Inc.,FTNT
Fortive Corporation,FTV
Fortune Brands Home & Security Inc.,FBHS
Fox Corporation,FOXA
Franklin Resources Inc.,BEN
Freeport-McMoRan Inc.,FCX
Garmin Ltd.,GRMN
Gartner Inc.,IT
General Mills Inc.,GIS
Genuine Parts Company,GPC
Global Payments Inc.,GPN
W.W. Grainger Inc.,GWW
Halliburton Company,HAL
The Hartford Financials Group Inc.,HIG
Hasbro Inc.,HAS
HCA Healthcare Inc.,HCA
"Healthpeak Properties, Inc.",PEAK
The Hershey Company,HSY
Hess Corporation,HES
Hewlett Packard Enterprise Company,HPE
Hilton Worldwide Holdings Inc.,HLT
Hologic Inc.,HOLX
Hormel Foods Corporation,HRL
Host Hotels & Resorts Inc.,HST
HP Inc.,HPQ
Humana Inc.,HUM
Huntington Bancshares Inc.,HBAN
Huntington Ingalls Industries Inc.,HII
IDEXX Laboratories Inc.,IDXX
Illinois Tool Works Inc.,ITW
Intercontinental Exchange Inc.,ICE
International Flavors & Fragrances Inc.,IFF
International Paper Company,IP
The Interpublic Group of Companies Inc.,IPG
Invesco Ltd.,IVZ
IQVIA Holdings Inc.,IQV
Iron Mountain Inc.,IRM
J.B. Hunt Transport Services Inc.,JBHT
Jack Henry & Associates Inc.,JKHY
Jacobs Engineering Group Inc.,JEC
The J. M. Smucker Company,SJM
Johnson Controls International PLC,JCI
Juniper Networks Inc.,JNPR
Kellogg Company,K
Keysight Technologies Inc.,KEYS
Kimberly-Clark Corporation,KMB
Kimco Realty Corporation,KIM
KLA-Tencor Corporation,KLAC
The Kroger Co.,KR
Laboratory Corporation of America Holdings,LH
Lamb Weston Holdings Inc.,LW
The Estée Lauder Companies Inc.,EL
Lennar Corporation,LEN
Lincoln National Corporation,LNC
LKQ Corporation,LKQ
Loews Corporation,L
LyondellBasell Industries N.V.,LYB
M&T Bank Corporation,MTB
Marathon Oil Corporation,MRO
Marathon Petroleum Corporation,MPC
Marsh & McLennan Companies Inc.,MMC
Martin Marietta Materials Inc.,MLM
Masco Corporation,MAS
McCormick & Company Inc.,MKC
McKesson Corporation,MCK
Mettler-Toledo International Inc.,MTD
MGM Resorts International,MGM
Mid-America Apartment Communities Inc.,MAA
Mohawk Industries Inc.,MHK
Moody's Corporation,MCO
The Mosaic Company,MOS
Motorola Solutions Inc.,MSI
MSCI Inc.,MSCI
Nasdaq Inc.,NDAQ
Newell Brands Inc.,NWL
Newmont Goldcorp Corporation,NEM
News Corporation,NWSA
NiSource Inc.,NI
Northern Trust Corporation,NTRS
Norwegian Cruise Line Holdings Ltd.,NCLH
NRG Energy Inc.,NRG
Nucor Corporation,NUE
Omnicom Group Inc.,OMC
ONEOK Inc.,OKE
Packaging Corporation of America,PKG
Parker-Hannifin Corporation,PH
Pentair PLC,PNR
PerkinElmer Inc.,PKI
Phillips 66,PSX
Pinnacle West Capital Corporation,PNW
Pioneer Natural Resources Company,PXD
The PNC Financials Group Inc.,PNC
PPG Industries Inc.,PPG
PPL Corporation,PPL
The Progressive Corporation,PGR
Prologis Inc.,PLD
Prudential Financial Inc.,PRU
Public Service Enterprise Group Inc.,PEG
Public Storage,PSA
PulteGroup Inc.,PHM
Qorvo Inc.,QRVO
Quanta Services Inc.,PWR
Quest Diagnostics Inc.,DGX
Ralph Lauren Corporation,RL
Raymond James Financial Inc.,RJF
Realty Income Corporation,O
Regions Financial Corporation,RF
Republic Services Inc.,RSG
ResMed Inc.,RMD
Robert Half International Inc.,RHI
Rockwell Automation Inc.,ROK
Rollins Inc.,ROL
Roper Technologies Inc.,ROP
Royal Caribbean Cruises Ltd.,RCL
S&P Global Inc.,SPGI
salesforce.com Inc.,CRM
SBA Communications Corporation,SBAC
The Charles Schwab Corporation,SCHW
Sealed Air Corporation,SEE
Sempra Energy,SRE
The Sherwin-Williams Company,SHW
Snap-on Inc.,SNA
Southwest Airlines Co.,LUV
Stanley Black & Decker Inc.,SWK
State Street Corporation,STT
Stryker Corporation,SYK
SVB Financial Group,SIVB
Synchrony Financial,SYF
Synopsys Inc.,SNPS
Sysco Corporation,SYY
T. Rowe Price Group Inc.,TROW
Take-Two Interactive Software Inc.,TTWO
Tapestry Inc.,TPR
TE Connectivity Ltd.,TEL
Teleflex Inc.,TFX
Thermo Fisher Scientific Inc.,TMO
The TJX Companies Inc.,TJX
Twitter Inc.,TWTR
Tyson Foods Inc.,TSN
UDR Inc.,UDR
United Continental Holdings Inc.,UAL
United Rentals Inc.,URI
Universal Health Services Inc.,UHS
V.F. Corporation,VFC
Valero Energy Corporation,VLO
Ventas Inc.,VTR
VeriSign Inc.,VRSN
Vornado Realty Trust,VNO
Vulcan Materials Company,VMC
Wabtec Corporation,WAB
Waste Management Inc.,WM
Waters Corporation,WAT
WEC Energy Group Inc.,WEC
Welltower Inc.,WELL
WestRock Company,WRK
Weyerhaeuser Company,WY
Whirlpool Corporation,WHR
The Williams Companies Inc.,WMB
WTW Public Limited Company,WLTW
"Wynn Resorts, Limited",WYNN
Xylem Inc.,XYL
YUM! Brands Inc.,YUM
Zimmer Biomet Holdings Inc.,ZBH
"Zions Bancorporation, National Association",ZION
Zoetis Inc.,ZTS
Anheuser-Busch InBev SA/NV,ABI
Ackermans & van Haaren,XBRU
Ageas SA/NV,AGS
Aperam SA,APAM
argenx SE,ARGX
Cofinimmo SA,COFB
Galapagos NV,GLPG
Groupe Bruxelles Lambert SA,GBLB
ING Groep N.V.,INGA
KBC Group NV,KBC
Proximus PLC,PROX
Sofina S.A.,
Solvay SA,SOLB
UCB S.A.,XBRU
Acciona SA,ANA
Acerinox SA,ACX
Actividades de Construcción y Servicios SA,ACS
Aena SA,AENA
Amadeus IT Group SA,AMS
Banco Bilbao Vizcaya Argentaria SA,BBVA
Bankinter SA,BKT
CaixaBank SA,CABK
Cellnex Telecom SA,CLNX
Endesa SA,ELE
Ferrovial SA,FER
Grifols SA,GRF
Iberdrola SA,IBE
Industria de Diseño Textil SA,ITX
Indra Sistemas SA,IDR
"Inmobiliaria Colonial, SOCIMI SA",COL
Meliá Hotels International,MEL
MERLIN Properties SOCIMI SA,MRL
Naturgy Energy Group SA,NTGY
Red Eléctrica Corporación SA,REE
Repsol SA,REP
Siemens Gamesa Renewable Energy SA,SGRE
Telefónica,TEF
Adyen N.V.,ADYEN
Aegon N.V.,AGN
Koninklijke Ahold Delhaize N.V.,AD
Akzo Nobel N.V.,AKZA
ASML Holding N.V.,ASML
Koninklijke DSM N.V.,DSM
Heineken N.V.,HEIA
IMCD N.V.,IMCD
Koninklijke KPN N.V.,KPN
NN Group N.V.,NN
Koninklijke Philips N.V.,PHIA
Randstad N.V.,RAND
Wolters Kluwer N.V.,WKL
ABB Ltd,ABB
Alfa Laval AB,ALFA
ASSA ABLOY AB,ASSA B
Atlas Copco AB,ATCO A
Autoliv Inc.,ALIV SDB
Boliden AB,BOL
Telefonaktiebolaget LM Ericsson,ERICB
Essity AB,ESSITY B
Getinge AB,GETI B
H & M Hennes & Mauritz AB,HM B
Hexagon AB,HEXA B
Investor AB,INVEB
Kinnevik AB,KINV B
Sandvik AB,SANDVIK A
Securitas AB,SECU B
Skandinaviska Enskilda Banken AB,SEBA
Skanska AB,SKANSKA B
AB SKF,SKF B
Svenska Handelsbanken AB,SHB A
Swedbank AB,SWED A
Swedish Match AB,SWMA
Tele2 AB,TEL2 B
Alcon Inc.,ALC
Compagnie financiere Richemont SA,CFR
Credit Suisse Group AG,CSGN
Geberit AG,GEBN
Givaudan SA,GIVN
Lonza Group Ltd,LONN
Nestlé SA,NESN
Novartis AG,NOVN
Roche Holding AG,ROG
Sika AG,SIKA
Swiss Life Holding AG,SLHN
Swisscom AG,SCMN
UBS Group AG,UBSG
Zurich Insurance Group AG,ZURN
Corteva Inc.,CTVA
Aeroflot,AFLT
Alrosa,ALRS
PAO Detsky Mir,DSKY
Federal Grid Company of Unified Energy System JSC,FEES
Gazprom,GAZP
Inter RAO UES,IRAO
Lukoil,LKOH
Magnit,MGNT
Mobile TeleSystems,MTSS
Novolipetsk Steel,NLMK
Novatek,NVTK
JSC PhosAgro,PHOR
PIK Group,PIKK
Polymetal International,POLY
Rostelecom,RTKM
United Company RUSAL,RUAL
RusHydro,HYDR
Sberbank of Russia,SBER
Severstal,CHMF
Sistema,AFKS
Surgutneftegas,SNGS
Tatneft,TATN
Transneft,TRNFP
X5 Retail Group,FIVE
Yandex N.V.,NASDAQ:YNDX
AVEVA Group plc,AVV
B&M S.A.,BME
Entain plc,ENT
Intermediate Capital Group plc,ICP
JD Sports Fashion plc,JD
Just Eat Takeaway.com NV,JET
Landsec,LAND
M&G,MNG
Rio Tinto Group Rio Tinto plc & Rio Tinto Limited,RIO
SSE plc,SSE
Alliant Energy Corporation,LNT
Amcor plc,AMCR
"Bio-Rad Laboratories, Inc.",BIO
Carrier Global Corporation,CARR
"Catalent, Inc.",CTLT
"Cboe Global Markets, Inc.",CBOE
CDW Corporation,CDW
"DexCom, Inc.",DXCM
"Domino's Pizza, Inc.",DPZ
Dow Inc.,DOW
"Etsy, Inc.",ETSY
General Dynamics Corporation,GD
Howmet Aerospace Inc.,HWM
IDEX Corporation,IEX
KeyBank,KEY
"L3Harris Technologies, Inc.",LHX
Las Vegas Sands Corporation,LVS
"Leidos Holdings, Inc.",LDOS
"Live Nation Entertainment, Inc.",LYV
Lockheed Martin Corporation,LMT
"Lumen Technologies, Inc.",LUMN
MarketAxess Holdings Inc.,MKTX
Molson Coors Beverage Company,TAP
Northrop Grumman Corporation,NOC
NortonLifeLock Inc.,NLOK
"NVR, Inc.",NVR
"Old Dominion Freight Line, Inc.",ODFL
Otis Worldwide Corporation,OTIS
"Paycom Software, Inc.",PAYC
"PepsiCo, Inc.",PEP
Pool Corporation,POOL
"Principal Financial Group, Inc.",PFG
Regency Centers Corporation,REG
"ServiceNow, Inc.",NOW
Teledyne Technologies Incorporated,TDY
"Teradyne, Inc.",TER
Textron Inc.,TXT
Trane Technologies plc,TT
TransDigm Group,TDG
Truist Financial Corporation,TFC
"Tyler Technologies, Inc.",TYL
Viatris Inc.,VTRS
W. R. Berkley Corporation,WRB
"West Pharmaceutical Services, Inc.",WST
Xcel Energy Inc.,XEL
Zebra Technologies Corporation,ZBRA
Knorr-Bremse Aktiengesellschaft,KBX
Shop Apotheke Europe,SAE
Siemens Energy AG,ENR
Strör SE & Co. KGaA,
TeamViewer AG,
VARTA AG,VAR1
Prosus N.V.,PRX
Air France-KLM Group SA,XPAR
ALD Automotive,ALD
ALTEN S.A.,AN3
Amundi,AMUN
BIC S.A.,BB
Bolloré,BOIVF
CGG (Unternehmen),CGGYY
Covivio,GSEFF
Dassault Aviation S.A.,DAU
Elior Group,ELIOR
Eramet,ERMAY
Eurazeo,EUQ
Eurofins Scientific SE,ESF0
Eutelsat Communications,EUTLF
La Française des Jeux,
Casino Guichard-Perrachon S.A.,CGUSY
Fnac Darty SA,GRUPF
Gaztransport & Technigaz,9TG
Icade,3IC
Imerys,IY4
Ipsen Group,IPN
Ipsos SA,IPZ
JCDecaux,JCDXF
Korian,KO2
Mercialys,MEIYF
Nexans S.A.,NXPRF
Nexity S.A.,NQ9
Compagnie Plastic Omnium,EZM
Quadient,NPACY
Rubis SCA,RBSFY
Soitec,SLOIF
Sopra Steria Group SA,OR8
SPIE SA,4SP
TF1 Group,FSE
Trigano S.A.,TGO
Vallourec S.A,VACD
Virbac,VRBCF
Wendel SE,WNDLF
Thales S.A.,HO
Partners Group,PGHN
Swiss Reinsurance Company Ltd,SREN
Aedifica,AOO
Colruyt Group,XBRU
UMICORE N.V./S.A.,XBRU
Aktiebolaget Electrolux,ELUX B
Svenska Cellulosa Aktiebolaget,SCA A
SSAB Svenskt Stål AB,SSAB A
Kemira Oyj,KRA1V
Kojamo,KOJAMO
Neles Oyj,NELES
TietoEVRY Oyj,TIETO
Eckert & Ziegler Strahlen- und Medizintechnik AG,EUZ
"Banco de Sabadell, S.A.",SAB
"Banco Santander, S.A.",SAN
"Enagás, S.A.",ENG
Enel S.p.A.,ENEL
Eni S.p.A.,ENI
Intesa Sanpaolo S.p.A.,ISP
"LVMH Moët Hennessy - Louis Vuitton, Société Européenne",MC
Société Générale SA,GLE
Amadeus FiRe AG,AAD
Abengoa S.A.,AGOAF
Ceconomy AG,CEC1
CropEnergies AG,CE2
Dermapharm Holding SE,DMP
Flatexdegiro AG,FTK
Hensoldt AG,HAG
Instone Real Estate Group AG,INS
STRATEC SE,SBS
Traton Group,8TRA
VERBIO Vereinigte BioEnergie AG,VBVBF
ZEAL Network SE,TIMA
MICEX-RTS,
Bank of Moscow,
Polyus Gold,PLZL
JSC VTB Bank,VTBR
Atlassian Corporation Plc,TEAM
"DocuSign, Inc.",DOCU
Keurig Dr Pepper Inc.,KDP
lululemon athletica inc.,LULU
Marvell Technology Group Ltd.,MRVL
"Match Group, Inc.",MTCH
"Mercado Libre, Inc.",MELI
"Moderna, Inc.",MRNA
"Okta, Inc.",OKTA
Pinduoduo Inc.,PDD
Seagen Inc.,SGEN
Splunk Inc.,SPLK
"Workday, Inc.",WDAY
"Zoom Video Communications, Inc.",ZM
"Caesars Entertainment, Inc.",CZR
"Charles River Laboratories International, Inc.",CRL
"Enphase Energy, Inc.",ENPH
Generac Holdings Inc.,GNRC
"Monolithic Power Systems, Inc.",MPWR
PTC Inc.,PTC
Trimble Inc.,TRMB
Porsche Automobil Holding SE,PAH3
Fluidra,FDR
"Mapfre, S.A.",MAP
Pharma Mar S.A.,PHM
AUTO1 Group SE,AG1
Holcim Ltd.,HOLN
Stellantis N.V.,STLA
Teleperformance,TEP
Elis S.A.,ELIS
Orpea S.A.,ORP
Verallia Deutschland AG,
Magnitogorski metallurgitscheski kombinat,MAGN
Metso Outotec Oyj,MOCORP
ASM International N.V.,ASM
Organon & Co.,OGN
Metropole Télévision SA,XPAR
ATOSS Software AG,AOF
Nagarro SE,NA9
Vantage Towers AG,VTWR
Volvo Car Corporation,
"Bath & Body Works, Inc.",BBWI
BE Semiconductor Industries N.V.,BESI
Signify N.V.,LIGHT
McPhy Energy,MCPHY
Neoen,NEOEN
SCOR SE,SCR
Solutions 30,
Technip Energies N.V.,TE
Valneva SE,VALN
Logitech International S.A.,LOGN
"CrowdStrike Holdings, Inc.",CRWD
Bio-Techne Corporation,TECH
"Brown & Brown, Inc.",BRO
Ceridian HCM Holding Inc.,CDAY
Ingersoll Rand Inc.,IR
Elia,XBRU
Melexis,
Universal Music Group N.V.,UMG
ABOUT YOU AG & Co. KG,
Basler AG,BSL
PVA TePla AG,TPE
secunet Security Networks AG,0NWC
STO SE & Co. KGaA,STO3
SUSE S.A.,SUSE
SYNLAB,SYAB
Coterra Energy Inc.,CTRA
Globe Life Field,GL
Norfolk Southern Railway,NSC
Solar power in Spain,SLR
Darktrace plc,DARK
Hypoport SE,
Laboratorios Rovi,ROVI
Daimler Truck Holding AG,DTG
Mercedes-Benz Group AG,MBG
"Airbnb, Inc.",ABNB
"Datadog, Inc.",DDOG
"Palo Alto Networks, Inc.",PANW
"Zscaler, Inc.",ZS
En+ Group plc,ENPG
Fix Price Group,FIXP
Globaltrans,
HeadHunter Group,HHRU
Nornickel,GMKN
Ozon,OZON
Petropavlovsk PLC,POGR
Tinkoff Bank,TCS
Mail.Ru Group,VKCO
Camden Property Trust,CPT
"EPAM Systems, Inc.",EPAM
FactSet Research Systems Inc.,FDS
"Molina Healthcare, Inc.",MOH
Nordson Corporation,NDSN
Paramount Global,PARA
Signature Bank,SBNY
"SolarEdge Technologies, Inc.",SEDG
"Warner Bros. Discovery, Inc.",WBD
Royal Dutch Shell PLC,RDSA
Airtel Africa plc,AAF
Endeavour Mining,EDV
Howden Joinery Group plc,HWDN
RS Group plc,RS
About You Holding SE,0A9O
adesso SE,0N5I
GFT Technologies SE,0O2W
Vitesco Technologies Group AG,VTS
1&1 Aktiengesellschaft,1U1
Sonova Group,SOON
Shell plc,SHELL
EnergieKontor AG,0E9V
Kontron S&T AG,KBC
PNE AG,PNE3
"ADTRAN, Inc.",ADTN
Nordea Bank Oyj,NDA DK
D’Ieteren S.A.,
VGP NV,
"CoStar Group, Inc.",CSGP
"Elevance Health, Inc.",ELV
EQT Corporation,EQT
Invitation Homes Inc.,INVH
ON Semiconductor Corporation,ON
PG&E Corporation,PCG
Targa Resources Corp.,TRGP
Vici Properties Inc.,VICI
Altarea SCA,ALTA
Antin Infrastructure Partners,
Carmila SAS,CARM
Compagnie Française d'Assurance pour le Commerce Extérieur (COFACE),
Derichebourg,
Euroapi,
Interparfums SA,ITP
OVH SAS,OVH
Somfy,
Wärtsilä Corporation,WRT1V
Convatec Group plc,CTEC
Dechra Pharmaceuticals plc,DPH
F&C Investment Trust plc,FCIT
Frasers Group plc,FRAS
Haleon plc,HLN
Harbour Energy plc,HBR
HomeServe plc,HSV
Pershing Square Holdings Ltd.,PSH
The Unite Group plc,UTG
Arch Capital Group Ltd.,ACGL
"Meta Platforms, Inc.",META
Gen Digital Inc.,GEN
Lucid Motors,LCID
